"Reference","Value","Qty","MF","MFPN","DigiKey","Footprint"
"U10","BMM350","1","Bosch Sensortec","BMM350","828-BMM350CT-ND","Sensors:BGA9C40P3X3_128X128X54"
"U11","BMP581","1","Bosch Sensortec","BMP581","828-BMP581CT-ND","Sensors:BMP581"
"SW1","ISP","1","C&K","NANOT160AS","108-NANOT160ASCT-ND","Switches:NanoTxxxAS"
"J2","USB4105-GF-A","1","GCT","USB4105-GF-A","2073-USB4105-GF-ACT-ND","Connector_USB:USB_C_Receptacle_GCT_USB4105-xx-A_16P_TopMnt_Horizontal"
"J8,J9","DF40TC(3.0)-50DP-0.4V(51)","2","HRS(Hirose)","DF40TC(3.0)-50DP-0.4V(51)","26-DF40TC(3.0)-50DP-0.4V(51)CT-ND","Connectors:DF40TC(3.0)-50DP-0.4V(51)"
"J3","CAN0A","1","JST","SM04B-GHS-TB(LF)(SN)","455-1566-1-ND","Connector_JST:JST_GH_SM04B-GHS-TB_1x04-1MP_P1.25mm_Horizontal"
"J4","CAN0B","1","JST","SM04B-GHS-TB(LF)(SN)","455-1566-1-ND","Connector_JST:JST_GH_SM04B-GHS-TB_1x04-1MP_P1.25mm_Horizontal"
"J5","Debug","1","JST","SM10B-SRSS-TB(LF)(SN)","455-SM10B-SRSS-TBCT-ND","Connector_JST:JST_SH_SM10B-SRSS-TB_1x10-1MP_P1.00mm_Horizontal"
"J6","CAN1A","1","JST","SM04B-GHS-TB(LF)(SN)","455-1566-1-ND","Connector_JST:JST_GH_SM04B-GHS-TB_1x04-1MP_P1.25mm_Horizontal"
"J7","CAN1B","1","JST","SM04B-GHS-TB(LF)(SN)","455-1566-1-ND","Connector_JST:JST_GH_SM04B-GHS-TB_1x04-1MP_P1.25mm_Horizontal"
"D2","VBUS","1","Kingbright","APHHS1005QBC/D","754-1504-1-ND","LED_SMD:LED_0402_1005Metric"
"D3","5V-IND","1","Kingbright","APHHS1005QBC/D","754-1504-1-ND","LED_SMD:LED_0402_1005Metric"
"D4","3V3-IND","1","Kingbright","APHHS1005QBC/D","754-1504-1-ND","LED_SMD:LED_0402_1005Metric"
"D5","1V8-IND","1","Kingbright","APHHS1005QBC/D","754-1504-1-ND","LED_SMD:LED_0402_1005Metric"
"D13","LED_GRN","1","Kingbright","APT1608CGCK","754-1116-1-ND","LED_SMD:LED_0603_1608Metric"
"U5","MIC5504-1.8YMT","1","Microchip Tech","MIC5504-1.8YMT-TR","MIC5504-1.8YMT-CT-ND","Power:VREG_MIC5504-3.3YMT-TZ"
"J1","5055780421","1","MOLEX","5055780471","WM17949CT-ND ","Connectors:CONN_5055780421_MOL"
"U6","MPM3811GG-Z","1","Monolithic Power Systems","MPM3811GG-Z","1589-1958-1-ND","Power:QFN2x2x1p6_MPM3811_MNP"
"C1,C2","1nF 100V","2","Murata Electronics","GCM155R72A102KA37D","490-4764-1-ND ","Capacitor_SMD:C_0402_1005Metric"
"C4,C10","10uF 100V","2","Murata Electronics","GRM32EC72A106KE05L","490-16266-1-ND","Capacitor_SMD:C_1210_3225Metric"
"C6,C14,C15,C19,C22","10uF 10V","5","Murata Electronics","GRM21BR71A106KA73L","490-10516-1-ND","Capacitor_SMD:C_0805_2012Metric"
"C7,C82","10uF 16V","2","Murata Electronics","GRM21BZ71C106KE15L","490-GRM21BZ71C106KE15LCT-ND","Capacitor_SMD:C_0805_2012Metric"
"C8,C18","1nF 16V","2","Murata Electronics","GRM155R71H102KA01D","490-1303-1-ND","Capacitor_SMD:C_0402_1005Metric"
"C9","10nF 25V","1","Murata Electronics","GRM155R71H103KA88D","490-4516-1-ND ","Capacitor_SMD:C_0402_1005Metric"
"C12,C20,C21,C57,C60,C61,C62,C63,C65,C66,C78,C80,C81,C83,C84,C85,C87","100nF 16V","17","Murata Electronics","GRM155R71C104KA88D","490-3261-1-ND","Capacitor_SMD:C_0402_1005Metric"
"C13","22uF 10V","1","Murata Electronics","GRM31CR71A226KE15L","490-5309-1-ND ","Capacitor_SMD:C_1206_3216Metric"
"C17","1uF 25V","1","Murata Electronics","GCM188R71E105KA64D","490-10673-1-ND","Capacitor_SMD:C_0603_1608Metric"
"C23,C24,C56,C68,C73,C77","1uF 10V","6","Murata Electronics","GRM155Z71A105KE01D","490-GRM155Z71A105KE01DCT-ND ","Capacitor_SMD:C_0402_1005Metric"
"C25,C26,C27,C28","4.7pF 50V","4","Murata Electronics","GJM1555C1H4R7BB01D","490-8102-1-ND ","Capacitor_SMD:C_0402_1005Metric"
"C29,C33,C39,C43,C44","1uF 6.3V","5","Murata Electronics","GRM155R70J105KA12D","490-10024-1-ND ","Capacitor_SMD:C_0402_1005Metric"
"C30,C31,C32,C34,C35,C36,C37,C38,C40,C41,C42,C45,C46,C47,C51,C53,C54,C58","100nF 10V","18","Murata Electronics","GRM033Z71A104KE14D ","490-GRM033Z71A104KE14DCT-ND ","Capacitor_SMD:C_0201_0603Metric"
"C48","2.2uF 10V","1","Murata Electronics","GRM155Z71A225KE44D","490-GRM155Z71A225KE44DCT-ND","Capacitor_SMD:C_0402_1005Metric"
"C49,C50","10uF 6.3V","2","Murata Electronics","GRM188Z71A106KA73D","490-GRM188Z71A106KA73DCT-ND ","Capacitor_SMD:C_0603_1608Metric"
"C52","4.7uF 6.3V","1","Murata Electronics","GRM188Z71A475KE15D","490-GRM188Z71A475KE15DCT-ND","Capacitor_SMD:C_0603_1608Metric"
"C55","1uF 50V","1","Murata Electronics","GJ821BR71H105KA12L","490-14440-1-ND","Capacitor_SMD:C_0805_2012Metric"
"C64","2.2uF 16V","1","Murata Electronics","GRM21BR71C225KA12L","490-3906-1-ND","Capacitor_SMD:C_0805_2012Metric"
"C67,C72","47nF 10V","2","Murata Electronics","GRM155R71C473KA01D","490-6335-1-ND ","Capacitor_SMD:C_0402_1005Metric"
"C79,C86,C88,C89","1uF 16V","4","Murata Electronics","GCM188R71C105KA64D","490-5241-1-ND","Capacitor_SMD:C_0603_1608Metric"
"C90,C91","10pF 16V","2","Murata Electronics","GRM1555C1H100JA01D","490-5921-1-ND ","Capacitor_SMD:C_0402_1005Metric"
"C92,C93","100nF 50V","2","Murata Electronics","GRM155R71H104KE14D","490-10700-1-ND ","Capacitor_SMD:C_0402_1005Metric"
"L3","120 Ohm","1","Murata Electronics","BLM15AG121SN1D","490-1005-1-ND ","Inductor_SMD:L_0402_1005Metric"
"L8,L9","600 Ohm","2","Murata Electronics","BLM15AG601SN1D","490-1006-1-ND ","Inductor_SMD:L_0402_1005Metric"
"Y3","25MHz","1","Murata Electronics","XRCGB25M000F3A00R0","490-12146-1-ND","Crystals:XRCGB25M000F3A00R0"
"D6","BAT54C","1","Nexperia","BAT54C,215","1727-2902-1-ND ","Package_TO_SOT_SMD:SOT-23"
"D7","PESD5V0S1UL","1","Nexperia","PESD5V0S1UL,315","1727-4189-1-ND ","TVS:PESD5V0S1ULD315"
"D10,D11","PESD2IVN24-UX","2","Nexperia","PESD2IVN24-UX","1727-7665-1-ND ","Package_TO_SOT_SMD:SOT-323_SC-70"
"D14","PESD2ETH1G-T","1","Nexperia","PESD2ETH1G-TR","1727-PESD2ETH1G-CT-ND ","Package_TO_SOT_SMD:SOT-23"
"Q1","BUK6D56-60EX","1","Nexperia","BUK6D56-60EX","1727-8676-1-ND ","MOSFETs:BUK6D5660EX"
"U8","PCMF1USB3SZ","1","Nexperia USA Inc.","PCMF1USB3SZ","1727-2508-1-ND","TVS:PESD1USB3BCX"
"U2,U4","NX5P3363UKZ","2","NXP USA Inc.","NX5P3363UKZ","568-13619-1-ND","NXP_BGA:BGA16C50P4X4_220X220X60"
"U7","MCXN947VDFT","1","NXP USA Inc.","MCXN947VDFT","568-MCXN947VDFT-ND","NXP_BGA:BGA184_0P5_9X9_SM"
"U12,U13","TJA1462ATK","2","NXP USA Inc.","TJA1462ATK/0Z","568-TJA1462ATK/0ZCT-ND","NXP_HV:SON65P300X300X100-9N-D"
"U15","TJA1103AHN","1","NXP USA Inc.","TJA1103AHN/0Z","568-TJA1103AHN/0ZCT-ND","NXP_HV:HVQFN36_SOT1092-2_NXP"
"D8,D9","ESD7104MUTAG","2","onsemi","ESD7104MUTAG","ESD7104MUTAGOSCT-ND ","TVS:ESD8104MUTAG"
"U14","SK9822-EC20","1","OPSCO Optoelectronics","SK9822-EC20","2007-BB-2020BGR-TRBCT-ND","RGB_leds:SK9822EC20"
"R44,R45","1k 2/5W","2","Rohm Semiconductor","ESR10EZPF1001","RHM1.00KAECT-ND","Resistor_SMD:R_0805_2012Metric"
"L4","1uH","1","Taiyo Yuden","MCKK1608T1R0MN","587-5973-1-ND","Inductor_SMD:L_0603_1608Metric"
"L1","ACM7060-301-2PL-TL01","1","TDK Corporation","ACM7060-301-2PL-TL01","445-2214-1-ND ","Inductors:ACM70603012PLTL01"
"L2","22uH 1.8A","1","TDK Corporation","VLS5045EX-220M-H","445-181623-1-ND","Inductors:VLS5045EX330M"
"L5","600 Ohm 2A","1","TDK Corporation","MPZ2012S601ATD25","445-MPZ2012S601ATD25CT-ND","Inductor_SMD:L_0805_2012Metric"
"L10","ACT1210L-201-2P-TL00","1","TDK Corporation","ACT1210L-201-2P-TL00","445-ACT1210L-201-2P-TL00CT-ND","Inductors:ACT1210L1012PTL00"
"U9","ICM-45686","1","TDK InvenSense","ICM-45686","1428-ICM-45686CT-ND","Sensors:IC_ICM-45686"
"U1","LM74700","1","Texas Instruments","LM74700QDBVRQ1","296-LM74700QDBVRQ1CT-ND ","Package_TO_SOT_SMD:SOT-23-6"
"U3","LM5160DNTJ","1","Texas Instruments","LM5160DNTJ","296-44117-1-ND ","Power:SON50P400X400X100-13N"
"D1","6DFN56CA-M3/I","1","Vishay","6DFN56CA-M3/I","112-6DFN56CA-M3/ICT-ND","Diodes:DFN3820A"
"L6,L7","IFLN1210BEER512N","2","Vishay Dale","IFLN1210BEER512N","541-IFLN1210BEER512NCT-ND","Inductors:IFLN1210BEER512N"
"D12","LED_AMB","1","Würth Elektronik","150060AS75000","732-150060AS75000CT-ND","LED_SMD:LED_0603_1608Metric"
"Y1","24MHz","1","Würth Elektronik","830108212309","1923-830108212309CT-ND","Crystal:Crystal_SMD_2016-4Pin_2.0x1.6mm"
"Y2","32.768kHz","1","Würth Elektronik","830009678","732-830009678CT-ND","Crystal:Crystal_SMD_3215-2Pin_3.2x1.5mm"
"C3","22nF 100V","1","YAGEO","CC0603KRX7R0BB223","311-1792-1-ND ","Capacitor_SMD:C_0603_1608Metric"
"C5,C11","100nF 100V","2","YAGEO","CC0603KRX7R0BB104","311-1523-1-ND ","Capacitor_SMD:C_0603_1608Metric"
"C16","22nF 16V","1","YAGEO","CC0402KRX7R7BB223","311-1378-1-ND ","Capacitor_SMD:C_0402_1005Metric"
"C69,C71,C74,C76","56pF 10V","4","YAGEO","CC0402JRNPO9BN560","311-1022-1-ND ","Capacitor_SMD:C_0402_1005Metric"
"C94","4700pF 50V","1","YAGEO","CC0402KRX7R9BB472","311-1418-1-ND ","Capacitor_SMD:C_0402_1005Metric"
"R1,R6,R8","2k2 1%","3","YAGEO","AC0402FR-072K2L","YAG3467CT-ND","Resistor_SMD:R_0402_1005Metric"
"R2,R9","30k 1%","2","YAGEO","AC0402FR-0730KL","YAG3474CT-ND","Resistor_SMD:R_0402_1005Metric"
"R3","100k 1% 75V","1","YAGEO","AC0603FR-07100KL","311-100KLDCT-ND","Resistor_SMD:R_0603_1608Metric"
"R4","68k 1% 75V","1","YAGEO","AC0603FR-0768KL","YAG3625CT-ND","Resistor_SMD:R_0603_1608Metric"
"R5","3k3 1%","1","YAGEO","RC0402FR-073K3L","311-3.30KLRCT-ND","Resistor_SMD:R_0402_1005Metric"
"R7","12k 1% 75V","1","YAGEO","AC0603FR-0712KL","YAG3565CT-ND","Resistor_SMD:R_0603_1608Metric"
"R10","100k","1","YAGEO","RC0402FR-7W100KL","13-RC0402FR-7W100KLCT-ND","Resistor_SMD:R_0402_1005Metric"
"R11","82k 1%","1","YAGEO","AC0402FR-0782KL","YAG5311CT-ND","Resistor_SMD:R_0402_1005Metric"
"R12,R13","1k","2","YAGEO","AC0402FR-071KL","311-1KLBCT-ND","Resistor_SMD:R_0402_1005Metric"
"R14","18k 1%","1","YAGEO","AC0402FR-0718KL","YAG3446CT-ND","Resistor_SMD:R_0402_1005Metric"
"R15,R21,R32,R33,R34,R35,R36,R39,R41,R47","10k","10","YAGEO","AC0402FR-0710KL","YAG3436CT-ND","Resistor_SMD:R_0402_1005Metric"
"R22,R29","100","2","YAGEO","AC0603FR-07100RL","YAG3561CT-ND","Resistor_SMD:R_0603_1608Metric"
"R23,R24","5.1k","2","YAGEO","AC0402FR-075K1L","YAG3503CT-ND","Resistor_SMD:R_0402_1005Metric"
"R25,R26,R49","0R","3","YAGEO","RC0402JR-070RL","311-0.0JRCT-ND","Resistor_SMD:R_0402_1005Metric"
"R37,R38","680","2","YAGEO","AC0402FR-07680RL","YAG3505CT-ND","Resistor_SMD:R_0402_1005Metric"
"R42,R43","15","2","YAGEO","AC0402FR-0715RL","YAG3445CT-ND","Resistor_SMD:R_0402_1005Metric"
"R46","100k 1/10W","1","YAGEO","RC0402FR-7W100KL","13-RC0402FR-7W100KLCT-ND ","Resistor_SMD:R_0402_1005Metric"
